{"cameraMode":{"drawMode":0,"name":"Shaded","section":"Shading Mode"},"sceneLighting":true,"audioPlay":false,"sceneViewState":{"m_AlwaysRefresh":false,"showFog":true,"showSkybox":true,"showFlares":true,"showImageEffects":true,"showParticleSystems":true,"showVisualEffectGraphs":true,"m_FxEnabled":true},"in2DMode":false,"pivot":{"x":65.30989837646485,"y":0.40258467197418215,"z":71.62671661376953},"rotation":{"x":0.37173640727996828,"y":-0.6059226989746094,"z":0.3809907138347626,"w":0.5912088751792908},"size":45.878963470458987,"orthographic":false}