{"cameraMode":{"drawMode":0,"name":"Shaded","section":"Shading Mode"},"sceneLighting":false,"audioPlay":false,"sceneViewState":{"m_AlwaysRefresh":false,"showFog":true,"showSkybox":false,"showFlares":true,"showImageEffects":true,"showParticleSystems":true,"showVisualEffectGraphs":true,"m_FxEnabled":true},"in2DMode":false,"pivot":{"x":0.21108877658843995,"y":0.3369319438934326,"z":0.03947854042053223},"rotation":{"x":0.19105035066604615,"y":-0.6930268406867981,"z":0.19876329600811006,"w":0.66612309217453},"size":2.826660633087158,"orthographic":false}